{"mean_fit_time": {"0": 11.178740263, "1": 21.7995465398, "2": 32.5900013447, "3": 43.4091073275, "4": 64.6711829901, "5": 86.6117524505, "6": 107.4173398018}, "std_fit_time": {"0": 0.0608864292, "1": 0.1219945024, "2": 0.3269912246, "3": 0.2596678271, "4": 0.2305396409, "5": 0.4440724813, "6": 1.0785609001}, "mean_score_time": {"0": 0.2657558918, "1": 0.3919788599, "2": 0.5178654194, "3": 0.645372808, "4": 0.9014513493, "5": 1.1711403131, "6": 1.4128594995}, "std_score_time": {"0": 0.0013320825, "1": 0.002261546, "2": 0.0060644886, "3": 0.0038360318, "4": 0.0048557842, "5": 0.0111764713, "6": 0.0171119494}, "param_randomforestclassifier__n_estimators": {"0": 50, "1": 100, "2": 150, "3": 200, "4": 300, "5": 400, "6": 500}, "params": {"0": {"randomforestclassifier__n_estimators": 50}, "1": {"randomforestclassifier__n_estimators": 100}, "2": {"randomforestclassifier__n_estimators": 150}, "3": {"randomforestclassifier__n_estimators": 200}, "4": {"randomforestclassifier__n_estimators": 300}, "5": {"randomforestclassifier__n_estimators": 400}, "6": {"randomforestclassifier__n_estimators": 500}}, "split0_test_score": {"0": -0.2258208132, "1": -0.2112700679, "2": -0.2050613525, "3": -0.2048548783, "4": -0.1996295564, "5": -0.199482259, "6": -0.1992143122}, "split1_test_score": {"0": -0.1935704687, "1": -0.1742164514, "2": -0.1742002896, "3": -0.174362687, "4": -0.174523537, "5": -0.1712476244, "6": -0.1713195113}, "split2_test_score": {"0": -0.2077932619, "1": -0.1913984267, "2": -0.1854619897, "3": -0.1816172391, "4": -0.1810492902, "5": -0.1803618649, "6": -0.1799989739}, "split3_test_score": {"0": -0.201977253, "1": -0.1912483304, "2": -0.186792031, "3": -0.1874878011, "4": -0.1802375029, "5": -0.1768829629, "6": -0.1738062162}, "mean_test_score": {"0": -0.2072904492, "1": -0.1920333191, "2": -0.1878789157, "3": -0.1870806514, "4": -0.1838599716, "5": -0.1819936778, "6": -0.1810847534}, "std_test_score": {"0": 0.0118331645, "1": 0.0131197616, "2": 0.0110607843, "3": 0.0112659266, "4": 0.0094455151, "5": 0.0106079022, "6": 0.0109338565}, "rank_test_score": {"0": 7, "1": 6, "2": 5, "3": 4, "4": 3, "5": 2, "6": 1}, "split0_train_score": {"0": -0.0467671254, "1": -0.0462125492, "2": -0.0462927372, "3": -0.0462328799, "4": -0.0461359104, "5": -0.0460978351, "6": -0.0461267479}, "split1_train_score": {"0": -0.0467104217, "1": -0.0463182329, "2": -0.0462538621, "3": -0.0462464079, "4": -0.0462706165, "5": -0.0462913468, "6": -0.0462759335}, "split2_train_score": {"0": -0.0470487112, "1": -0.0469615998, "2": -0.0468377902, "3": -0.0467011169, "4": -0.0466743947, "5": -0.0466107923, "6": -0.0465971074}, "split3_train_score": {"0": -0.0470032953, "1": -0.046787361, "2": -0.0467484708, "3": -0.0467495341, "4": -0.0465672862, "5": -0.0465662385, "6": -0.0466066896}, "mean_train_score": {"0": -0.0468823884, "1": -0.0465699357, "2": -0.0465332151, "3": -0.0464824847, "4": -0.046412052, "5": -0.0463915532, "6": -0.0464016196}, "std_train_score": {"0": 0.0001458937, "1": 0.0003129512, "2": 0.0002621873, "3": 0.0002434903, "4": 0.0002174739, "5": 0.0002091007, "6": 0.0002071356}}