{"mean_fit_time": {"0": 1.9095593095, "1": 3.4851913452, "2": 5.0361335874, "3": 6.6801474094, "4": 9.7756554484, "5": 12.8767085671, "6": 15.9896557331}, "std_fit_time": {"0": 0.0187816682, "1": 0.0409260824, "2": 0.0525143974, "3": 0.0942321307, "4": 0.1041899686, "5": 0.170811072, "6": 0.2055083272}, "mean_score_time": {"0": 0.1873965263, "1": 0.2466686368, "2": 0.3100853562, "3": 0.364992857, "4": 0.4746626616, "5": 0.5897685885, "6": 0.7099707723}, "std_score_time": {"0": 0.0031800565, "1": 0.0055158542, "2": 0.003769553, "3": 0.0016555704, "4": 0.0059175435, "5": 0.0033584502, "6": 0.0038418264}, "param_randomforestclassifier__n_estimators": {"0": 50, "1": 100, "2": 150, "3": 200, "4": 300, "5": 400, "6": 500}, "params": {"0": {"randomforestclassifier__n_estimators": 50}, "1": {"randomforestclassifier__n_estimators": 100}, "2": {"randomforestclassifier__n_estimators": 150}, "3": {"randomforestclassifier__n_estimators": 200}, "4": {"randomforestclassifier__n_estimators": 300}, "5": {"randomforestclassifier__n_estimators": 400}, "6": {"randomforestclassifier__n_estimators": 500}}, "split0_test_score": {"0": -0.01815854, "1": -0.0123071637, "2": -0.0124570162, "3": -0.0124794305, "4": -0.012531314, "5": -0.0067102962, "6": -0.0067372733}, "split1_test_score": {"0": -0.012272744, "1": -0.0125261081, "2": -0.0096949553, "3": -0.0096725567, "4": -0.0097298993, "5": -0.0098117429, "6": -0.0070149016}, "split2_test_score": {"0": -0.0141060437, "1": -0.0113010963, "2": -0.011492558, "3": -0.0083874051, "4": -0.0085171976, "5": -0.0084793498, "6": -0.0086464131}, "split3_test_score": {"0": -0.0095626378, "1": -0.0094690534, "2": -0.009343786, "3": -0.009321625, "4": -0.0093476233, "5": -0.0094786245, "6": -0.0094951448}, "mean_test_score": {"0": -0.0135249914, "1": -0.0114008554, "2": -0.0107470789, "3": -0.0099652543, "4": -0.0100315086, "5": -0.0086200034, "6": -0.0079734332}, "std_test_score": {"0": 0.0031255305, "1": 0.0012072074, "2": 0.0012802168, "3": 0.0015256655, "4": 0.0015083793, "5": 0.0012066729, "6": 0.0011418606}, "rank_test_score": {"0": 7, "1": 6, "2": 5, "3": 3, "4": 4, "5": 2, "6": 1}, "split0_train_score": {"0": -0.0012080931, "1": -0.0011772188, "2": -0.0011808949, "3": -0.0011834628, "4": -0.0011845568, "5": -0.001183436, "6": -0.0011780429}, "split1_train_score": {"0": -0.0011436264, "1": -0.0011483541, "2": -0.0011561104, "3": -0.0011533792, "4": -0.001170836, "5": -0.001174271, "6": -0.0011753996}, "split2_train_score": {"0": -0.0012386455, "1": -0.0012358593, "2": -0.0012651851, "3": -0.0012573688, "4": -0.0012568815, "5": -0.0012560615, "6": -0.0012543821}, "split3_train_score": {"0": -0.0011936349, "1": -0.0011669543, "2": -0.0011690926, "3": -0.0011806343, "4": -0.0011757308, "5": -0.001167076, "6": -0.0011681198}, "mean_train_score": {"0": -0.001196, "1": -0.0011820966, "2": -0.0011928208, "3": -0.0011937113, "4": -0.0011970013, "5": -0.0011952111, "6": -0.0011939861}, "std_train_score": {"0": 3.43274e-05, "1": 3.27188e-05, "2": 4.26893e-05, "3": 3.85843e-05, "4": 3.49198e-05, "5": 3.56072e-05, "6": 3.50585e-05}}