{"mean_fit_time": {"0": 7.0295179486, "1": 13.7922549844, "2": 20.6102077961, "3": 27.3608572483, "4": 41.3360971212, "5": 54.8137633801, "6": 68.5190966129}, "std_fit_time": {"0": 0.1294804638, "1": 0.1717143018, "2": 0.2237325888, "3": 0.2097969755, "4": 0.4663839572, "5": 0.5881451911, "6": 0.4435526244}, "mean_score_time": {"0": 0.2268454432, "1": 0.3267753124, "2": 0.4142571092, "3": 0.510671854, "4": 0.7117718458, "5": 0.9170399904, "6": 1.1115640402}, "std_score_time": {"0": 0.001889566, "1": 0.004616375, "2": 0.0115330065, "3": 0.007352051, "4": 0.0052633578, "5": 0.0129215279, "6": 0.0037989986}, "param_randomforestclassifier__n_estimators": {"0": 50, "1": 100, "2": 150, "3": 200, "4": 300, "5": 400, "6": 500}, "params": {"0": {"randomforestclassifier__n_estimators": 50}, "1": {"randomforestclassifier__n_estimators": 100}, "2": {"randomforestclassifier__n_estimators": 150}, "3": {"randomforestclassifier__n_estimators": 200}, "4": {"randomforestclassifier__n_estimators": 300}, "5": {"randomforestclassifier__n_estimators": 400}, "6": {"randomforestclassifier__n_estimators": 500}}, "split0_test_score": {"0": -0.1011770291, "1": -0.0981217287, "2": -0.0950540123, "3": -0.0918694605, "4": -0.088898275, "5": -0.0890145664, "6": -0.0888747281}, "split1_test_score": {"0": -0.0925934095, "1": -0.092197123, "2": -0.091861832, "3": -0.088916078, "4": -0.0888716344, "5": -0.0887190813, "6": -0.0885472962}, "split2_test_score": {"0": -0.1007996486, "1": -0.0982729522, "2": -0.0978579307, "3": -0.0919010671, "4": -0.094975294, "5": -0.0947444904, "6": -0.0917224251}, "split3_test_score": {"0": -0.0913403022, "1": -0.0919812924, "2": -0.0917367938, "3": -0.091504423, "4": -0.0917094606, "5": -0.0889288313, "6": -0.0890115921}, "mean_test_score": {"0": -0.0964775973, "1": -0.0951432741, "2": -0.0941276422, "3": -0.0910477571, "4": -0.091113666, "5": -0.0903517424, "6": -0.0895390104}, "std_test_score": {"0": 0.0045344102, "1": 0.0030554873, "2": 0.0025309714, "3": 0.0012405577, "4": 0.0025100699, "5": 0.0025384313, "6": 0.0012718331}, "rank_test_score": {"0": 7, "1": 6, "2": 5, "3": 3, "4": 4, "5": 2, "6": 1}, "split0_train_score": {"0": -0.0255461245, "1": -0.0254242592, "2": -0.0253722138, "3": -0.0253787379, "4": -0.0252982191, "5": -0.0252580822, "6": -0.0252630894}, "split1_train_score": {"0": -0.0255991829, "1": -0.0253995486, "2": -0.0253392186, "3": -0.0253639906, "4": -0.0253618091, "5": -0.0253595071, "6": -0.025380835}, "split2_train_score": {"0": -0.0255216349, "1": -0.0256030342, "2": -0.0256990877, "3": -0.0256464275, "4": -0.0254787353, "5": -0.0254823202, "6": -0.0254674951}, "split3_train_score": {"0": -0.0257786213, "1": -0.0254568352, "2": -0.0253546026, "3": -0.0251522807, "4": -0.0251910009, "5": -0.0251824243, "6": -0.0251505818}, "mean_train_score": {"0": -0.0256113909, "1": -0.0254709193, "2": -0.0254412807, "3": -0.0253853591, "4": -0.0253324411, "5": -0.0253205835, "6": -0.0253155003}, "std_train_score": {"0": 0.0001005372, "1": 7.89361e-05, "2": 0.0001493021, "3": 0.0001753445, "4": 0.0001042125, "5": 0.000112548, "6": 0.0001197039}}