{"mean_fit_time": {"0": 6.994499743, "1": 13.8090991378, "2": 20.6407974362, "3": 27.304012537, "4": 40.8585211039, "5": 54.2087185383, "6": 67.5746275783}, "std_fit_time": {"0": 0.0685345557, "1": 0.0907920541, "2": 0.2938175187, "3": 0.2250078702, "4": 0.2655210258, "5": 0.3924116742, "6": 0.5186945448}, "mean_score_time": {"0": 0.2359631062, "1": 0.3307706118, "2": 0.4331251383, "3": 0.5298096538, "4": 0.7451879382, "5": 0.931417644, "6": 1.1487909555}, "std_score_time": {"0": 0.0121631843, "1": 0.0033515571, "2": 0.0037304334, "3": 0.0025213928, "4": 0.0038825187, "5": 0.0142148572, "6": 0.0102032082}, "param_randomforestclassifier__n_estimators": {"0": 50, "1": 100, "2": 150, "3": 200, "4": 300, "5": 400, "6": 500}, "params": {"0": {"randomforestclassifier__n_estimators": 50}, "1": {"randomforestclassifier__n_estimators": 100}, "2": {"randomforestclassifier__n_estimators": 150}, "3": {"randomforestclassifier__n_estimators": 200}, "4": {"randomforestclassifier__n_estimators": 300}, "5": {"randomforestclassifier__n_estimators": 400}, "6": {"randomforestclassifier__n_estimators": 500}}, "split0_test_score": {"0": -0.1152745486, "1": -0.101065945, "2": -0.0919875141, "3": -0.0939053443, "4": -0.0917666607, "5": -0.0885114339, "6": -0.0886783233}, "split1_test_score": {"0": -0.0917868086, "1": -0.0791984943, "2": -0.0767084263, "3": -0.0764141353, "4": -0.0708543107, "5": -0.0730295829, "6": -0.0728579498}, "split2_test_score": {"0": -0.0920195585, "1": -0.0850373089, "2": -0.0850982791, "3": -0.0854253514, "4": -0.0826153699, "5": -0.0765493775, "6": -0.0766521799}, "split3_test_score": {"0": -0.1062279354, "1": -0.088409032, "2": -0.0878161853, "3": -0.0820558335, "4": -0.0823165401, "5": -0.0824284154, "6": -0.079427322}, "mean_test_score": {"0": -0.1013272128, "1": -0.0884276951, "2": -0.0854026012, "3": -0.0844501661, "4": -0.0818882204, "5": -0.0801297024, "6": -0.0794039437}, "std_test_score": {"0": 0.009952349, "1": 0.0080062253, "2": 0.0055872121, "3": 0.0063376257, "4": 0.0074169224, "5": 0.00588999, "6": 0.0058403104}, "rank_test_score": {"0": 7, "1": 6, "2": 5, "3": 4, "4": 3, "5": 2, "6": 1}, "split0_train_score": {"0": -0.0185123018, "1": -0.0186247508, "2": -0.0186646841, "3": -0.0185215954, "4": -0.0184623862, "5": -0.0183463213, "6": -0.0183727705}, "split1_train_score": {"0": -0.018852277, "1": -0.0188216893, "2": -0.0188904925, "3": -0.0188700534, "4": -0.0187499656, "5": -0.018701952, "6": -0.0186579912}, "split2_train_score": {"0": -0.0182266527, "1": -0.018245935, "2": -0.0181241779, "3": -0.0181541236, "4": -0.0181792036, "5": -0.0180831722, "6": -0.0180821949}, "split3_train_score": {"0": -0.0182424878, "1": -0.0183001573, "2": -0.018185795, "3": -0.0183042226, "4": -0.0182884808, "5": -0.0183141791, "6": -0.0182807726}, "mean_train_score": {"0": -0.0184584298, "1": -0.0184981331, "2": -0.0184662874, "3": -0.0184624988, "4": -0.018420009, "5": -0.0183614062, "6": -0.0183484323}, "std_train_score": {"0": 0.0002541502, "1": 0.0002363889, "2": 0.0003221126, "3": 0.0002691374, "4": 0.000215612, "5": 0.0002212711, "6": 0.0002072916}}