{"mean_fit_time": {"0": 8.7417395115, "1": 17.1184045672, "2": 25.5569128394, "3": 33.9548282027, "4": 50.5679219365, "5": 67.5768699646, "6": 84.2186346054}, "std_fit_time": {"0": 0.0987907671, "1": 0.1647097296, "2": 0.1493218413, "3": 0.2200985604, "4": 0.1880304486, "5": 0.4965969827, "6": 0.5573423101}, "mean_score_time": {"0": 0.2440764904, "1": 0.3494691253, "2": 0.4699476957, "3": 0.5735498071, "4": 0.7938877344, "5": 1.023511529, "6": 1.2554814219}, "std_score_time": {"0": 0.0070378088, "1": 0.0036385433, "2": 0.0099937242, "3": 0.0070166964, "4": 0.0118650164, "5": 0.0084009593, "6": 0.0039592173}, "param_randomforestclassifier__n_estimators": {"0": 50, "1": 100, "2": 150, "3": 200, "4": 300, "5": 400, "6": 500}, "params": {"0": {"randomforestclassifier__n_estimators": 50}, "1": {"randomforestclassifier__n_estimators": 100}, "2": {"randomforestclassifier__n_estimators": 150}, "3": {"randomforestclassifier__n_estimators": 200}, "4": {"randomforestclassifier__n_estimators": 300}, "5": {"randomforestclassifier__n_estimators": 400}, "6": {"randomforestclassifier__n_estimators": 500}}, "split0_test_score": {"0": -0.1485566011, "1": -0.1348959797, "2": -0.1346538319, "3": -0.1341044599, "4": -0.1311534226, "5": -0.1311517858, "6": -0.1312735426}, "split1_test_score": {"0": -0.1368353345, "1": -0.1390725154, "2": -0.1357652203, "3": -0.1326563248, "4": -0.1296117566, "5": -0.1295226456, "6": -0.1294125474}, "split2_test_score": {"0": -0.1630281883, "1": -0.1500694551, "2": -0.1431552718, "3": -0.1397899327, "4": -0.1394935251, "5": -0.1396460115, "6": -0.1395438844}, "split3_test_score": {"0": -0.1512230378, "1": -0.1349028381, "2": -0.1347334927, "3": -0.1312953141, "4": -0.1281060335, "5": -0.1282857513, "6": -0.1281558056}, "mean_test_score": {"0": -0.1499107904, "1": -0.1397351971, "2": -0.1370769542, "3": -0.1344615079, "4": -0.1320911844, "5": -0.1321515486, "6": -0.132096445}, "std_test_score": {"0": 0.0093084571, "1": 0.0062049527, "2": 0.0035365918, "3": 0.0032327644, "4": 0.0044074662, "5": 0.0044447165, "6": 0.0044405368}, "rank_test_score": {"0": 7, "1": 6, "2": 5, "3": 4, "4": 1, "5": 3, "6": 2}, "split0_train_score": {"0": -0.0344494502, "1": -0.0342978131, "2": -0.0342442789, "3": -0.0342033645, "4": -0.0342240994, "5": -0.0341974339, "6": -0.0341994362}, "split1_train_score": {"0": -0.0342078044, "1": -0.033796556, "2": -0.0338863171, "3": -0.0337522669, "4": -0.0337539857, "5": -0.0338013104, "6": -0.033809342}, "split2_train_score": {"0": -0.0341705822, "1": -0.0339295628, "2": -0.0338206118, "3": -0.0337869473, "4": -0.0337133498, "5": -0.0336966423, "6": -0.0337442658}, "split3_train_score": {"0": -0.0346952197, "1": -0.0344903422, "2": -0.0343923146, "3": -0.0343604246, "4": -0.0342765882, "5": -0.0342788487, "6": -0.0342915601}, "mean_train_score": {"0": -0.0343807642, "1": -0.0341285685, "2": -0.0340858806, "3": -0.0340257508, "4": -0.0339920058, "5": -0.0339935588, "6": -0.0340111511}, "std_train_score": {"0": 0.0002107674, "1": 0.0002781005, "2": 0.0002393663, "3": 0.0002623803, "4": 0.0002594018, "5": 0.0002490353, "6": 0.0002377158}}