{"mean_fit_time": {"0": 1.3537057042, "1": 2.4714968801, "2": 3.5020122528, "3": 4.5829386115, "4": 6.6210798621, "5": 8.7124697566, "6": 10.810957849}, "std_fit_time": {"0": 0.0256245039, "1": 0.0680702526, "2": 0.0790537461, "3": 0.1294322196, "4": 0.1350846914, "5": 0.1646870807, "6": 0.1646866753}, "mean_score_time": {"0": 0.1808149219, "1": 0.2305330038, "2": 0.2811076045, "3": 0.3332844377, "4": 0.4296325445, "5": 0.5286311507, "6": 0.6222935915}, "std_score_time": {"0": 0.0020249687, "1": 0.0081231408, "2": 0.0023065727, "3": 0.0038950051, "4": 0.0025135649, "5": 0.0086941527, "6": 0.0076148698}, "param_randomforestclassifier__n_estimators": {"0": 50, "1": 100, "2": 150, "3": 200, "4": 300, "5": 400, "6": 500}, "params": {"0": {"randomforestclassifier__n_estimators": 50}, "1": {"randomforestclassifier__n_estimators": 100}, "2": {"randomforestclassifier__n_estimators": 150}, "3": {"randomforestclassifier__n_estimators": 200}, "4": {"randomforestclassifier__n_estimators": 300}, "5": {"randomforestclassifier__n_estimators": 400}, "6": {"randomforestclassifier__n_estimators": 500}}, "split0_test_score": {"0": -0.0037004457, "1": -0.0039120771, "2": -0.0037392564, "3": -0.0036822105, "4": -0.0037677099, "5": -0.0037419815, "6": -0.0037053974}, "split1_test_score": {"0": -0.0062487446, "1": -0.0032258448, "2": -0.0032803532, "3": -0.0033678098, "4": -0.0033222121, "5": -0.0033317419, "6": -0.003311442}, "split2_test_score": {"0": -0.0038653287, "1": -0.0038301909, "2": -0.0070017187, "3": -0.0040054964, "4": -0.0039711753, "5": -0.0040188877, "6": -0.0039732774}, "split3_test_score": {"0": -0.0074972412, "1": -0.0074964402, "2": -0.0044728205, "3": -0.004530762, "4": -0.0043654397, "5": -0.0043880241, "6": -0.0044440967}, "mean_test_score": {"0": -0.00532794, "1": -0.0046161383, "2": -0.0046235372, "3": -0.0038965696, "4": -0.0038566343, "5": -0.0038701588, "6": -0.0038585534}, "std_test_score": {"0": 0.0016079271, "1": 0.0016839292, "2": 0.0014374073, "3": 0.0004300005, "4": 0.0003760044, "5": 0.0003862081, "6": 0.0004119497}, "rank_test_score": {"0": 7, "1": 5, "2": 6, "3": 4, "4": 1, "5": 3, "6": 2}, "split0_train_score": {"0": -0.0010707276, "1": -0.0011211302, "2": -0.0010584438, "3": -0.0010540931, "4": -0.0010902883, "5": -0.0010781083, "6": -0.00105855}, "split1_train_score": {"0": -0.0010491751, "1": -0.0010633275, "2": -0.0010536921, "3": -0.0010616495, "4": -0.0010709166, "5": -0.0010824751, "6": -0.0010903269}, "split2_train_score": {"0": -0.0010649339, "1": -0.0010642972, "2": -0.0010996593, "3": -0.0010589461, "4": -0.0010860777, "5": -0.0010652285, "6": -0.0010809836}, "split3_train_score": {"0": -0.0010138928, "1": -0.0010126669, "2": -0.0009874801, "3": -0.0009950019, "4": -0.0010009268, "5": -0.0010117809, "6": -0.0010167927}, "mean_train_score": {"0": -0.0010496823, "1": -0.0010653554, "2": -0.0010498188, "3": -0.0010424227, "4": -0.0010620524, "5": -0.0010593982, "6": -0.0010616633}, "std_train_score": {"0": 2.21171e-05, "1": 3.83801e-05, "2": 4.01858e-05, "3": 2.75119e-05, "4": 3.60187e-05, "5": 2.82135e-05, "6": 2.83634e-05}}