{"mean_fit_time": {"0": 3.9197195768, "1": 7.5514084101, "2": 11.0181459785, "3": 14.6094985604, "4": 21.7567620277, "5": 28.9326080084, "6": 36.068379581}, "std_fit_time": {"0": 0.0799891418, "1": 0.0994908948, "2": 0.1071557183, "3": 0.0885154199, "4": 0.1307357385, "5": 0.1340891176, "6": 0.2016714765}, "mean_score_time": {"0": 0.2090815306, "1": 0.2831937075, "2": 0.3591415286, "3": 0.4272155166, "4": 0.5933861732, "5": 0.737359345, "6": 0.8971876502}, "std_score_time": {"0": 0.0016622385, "1": 0.0056734568, "2": 0.0040764065, "3": 0.002411056, "4": 0.0096089426, "5": 0.0051205828, "6": 0.0041435407}, "param_randomforestclassifier__n_estimators": {"0": 50, "1": 100, "2": 150, "3": 200, "4": 300, "5": 400, "6": 500}, "params": {"0": {"randomforestclassifier__n_estimators": 50}, "1": {"randomforestclassifier__n_estimators": 100}, "2": {"randomforestclassifier__n_estimators": 150}, "3": {"randomforestclassifier__n_estimators": 200}, "4": {"randomforestclassifier__n_estimators": 300}, "5": {"randomforestclassifier__n_estimators": 400}, "6": {"randomforestclassifier__n_estimators": 500}}, "split0_test_score": {"0": -0.0208958493, "1": -0.0211430742, "2": -0.021140369, "3": -0.0210945473, "4": -0.0207549683, "5": -0.0208721152, "6": -0.0209111677}, "split1_test_score": {"0": -0.0218069392, "1": -0.0219761702, "2": -0.0219249321, "3": -0.021938603, "4": -0.0219386293, "5": -0.0219943126, "6": -0.0192526481}, "split2_test_score": {"0": -0.0186457006, "1": -0.0183660329, "2": -0.0181967441, "3": -0.0182260982, "4": -0.0181234309, "5": -0.0181396999, "6": -0.0181297213}, "split3_test_score": {"0": -0.0229445296, "1": -0.0197593384, "2": -0.0197188573, "3": -0.0196976792, "4": -0.0197065166, "5": -0.0195204174, "6": -0.0195243954}, "mean_test_score": {"0": -0.0210732547, "1": -0.0203111539, "2": -0.0202452256, "3": -0.0202392319, "4": -0.0201308863, "5": -0.0201316363, "6": -0.0194544831}, "std_test_score": {"0": 0.0015783262, "1": 0.0013740785, "2": 0.0014226766, "3": 0.0014111531, "4": 0.0014024425, "5": 0.0014456202, "6": 0.0009902713}, "rank_test_score": {"0": 7, "1": 6, "2": 5, "3": 4, "4": 2, "5": 3, "6": 1}, "split0_train_score": {"0": -0.0054743789, "1": -0.0055727105, "2": -0.0055440455, "3": -0.0055431099, "4": -0.0055373909, "5": -0.0055796264, "6": -0.0056199978}, "split1_train_score": {"0": -0.0054006503, "1": -0.0055239603, "2": -0.0054402677, "3": -0.0054636898, "4": -0.00551343, "5": -0.0054955052, "6": -0.0055190146}, "split2_train_score": {"0": -0.0056633473, "1": -0.0056022135, "2": -0.0055943831, "3": -0.0055847396, "4": -0.0055633028, "5": -0.0055854791, "6": -0.0055755984}, "split3_train_score": {"0": -0.0054746022, "1": -0.0054280254, "2": -0.0054154387, "3": -0.0054474272, "4": -0.0055319392, "5": -0.0054710798, "6": -0.0054811122}, "mean_train_score": {"0": -0.0055032447, "1": -0.0055317274, "2": -0.0054985337, "3": -0.0055097416, "4": -0.0055365157, "5": -0.0055329226, "6": -0.0055489308}, "std_train_score": {"0": 9.72266e-05, "1": 6.60726e-05, "2": 7.34135e-05, "3": 5.64402e-05, "4": 1.7834e-05, "5": 5.04183e-05, "6": 5.30472e-05}}