{"mean_fit_time": {"0": 2.8332397342, "1": 5.3258340955, "2": 7.8276128769, "3": 10.3331295252, "4": 15.2886285186, "5": 20.3086802959, "6": 25.3631207347}, "std_fit_time": {"0": 0.0394253507, "1": 0.0723683206, "2": 0.1007447936, "3": 0.1719549844, "4": 0.2454521611, "5": 0.3239805342, "6": 0.5409092172}, "mean_score_time": {"0": 0.1998179555, "1": 0.262491703, "2": 0.3263027072, "3": 0.396171093, "4": 0.5434454679, "5": 0.6676039696, "6": 0.8103915453}, "std_score_time": {"0": 0.0015313795, "1": 0.0020902752, "2": 0.0056512805, "3": 0.0020402694, "4": 0.0037118437, "5": 0.004302821, "6": 0.0056092314}, "param_randomforestclassifier__n_estimators": {"0": 50, "1": 100, "2": 150, "3": 200, "4": 300, "5": 400, "6": 500}, "params": {"0": {"randomforestclassifier__n_estimators": 50}, "1": {"randomforestclassifier__n_estimators": 100}, "2": {"randomforestclassifier__n_estimators": 150}, "3": {"randomforestclassifier__n_estimators": 200}, "4": {"randomforestclassifier__n_estimators": 300}, "5": {"randomforestclassifier__n_estimators": 400}, "6": {"randomforestclassifier__n_estimators": 500}}, "split0_test_score": {"0": -0.0253231596, "1": -0.0159464727, "2": -0.0160441652, "3": -0.0158513095, "4": -0.0160764021, "5": -0.0161191893, "6": -0.0129731467}, "split1_test_score": {"0": -0.0307300968, "1": -0.0272244794, "2": -0.0186593165, "3": -0.0186215863, "4": -0.0182729962, "5": -0.0183281031, "6": -0.0182334829}, "split2_test_score": {"0": -0.0276010903, "1": -0.0182814141, "2": -0.0185495314, "3": -0.0183340257, "4": -0.012356176, "5": -0.0181862732, "6": -0.0182356018}, "split3_test_score": {"0": -0.0323925856, "1": -0.0326743786, "2": -0.0326590033, "3": -0.0266984511, "4": -0.0235740936, "5": -0.0206566036, "6": -0.0206219185}, "mean_test_score": {"0": -0.0290117331, "1": -0.0235316862, "2": -0.0214780041, "3": -0.0198763431, "4": -0.017569917, "5": -0.0183225423, "6": -0.0175160375}, "std_test_score": {"0": 0.0027376279, "1": 0.006751414, "2": 0.0065395394, "3": 0.0040833568, "4": 0.0040607308, "5": 0.0016063318, "6": 0.0027980732}, "rank_test_score": {"0": 7, "1": 6, "2": 5, "3": 4, "4": 2, "5": 3, "6": 1}, "split0_train_score": {"0": -0.0030892316, "1": -0.0031204847, "2": -0.0030492827, "3": -0.0030408342, "4": -0.003035337, "5": -0.0030259664, "6": -0.0030152904}, "split1_train_score": {"0": -0.0031843976, "1": -0.0031281972, "2": -0.0030977725, "3": -0.0030634079, "4": -0.003048889, "5": -0.0030380454, "6": -0.0030325809}, "split2_train_score": {"0": -0.0031403537, "1": -0.0031158199, "2": -0.0030872487, "3": -0.0030695306, "4": -0.0031156057, "5": -0.0030817922, "6": -0.0030871132}, "split3_train_score": {"0": -0.0029276971, "1": -0.0029343041, "2": -0.0029217719, "3": -0.0029056664, "4": -0.002882013, "5": -0.0028637501, "6": -0.0028724656}, "mean_train_score": {"0": -0.00308542, "1": -0.0030747015, "2": -0.0030390189, "3": -0.0030198598, "4": -0.0030204612, "5": -0.0030023885, "6": -0.0030018625}, "std_train_score": {"0": 9.70893e-05, "1": 8.11789e-05, "2": 7.00541e-05, "3": 6.67901e-05, "4": 8.55129e-05, "5": 8.26935e-05, "6": 7.92704e-05}}